{"violet": 7411.389999999998, "blush": 5979.039999999998, "lime": 6729.240000000003, "pink": 5996.38, "carmine": 6956.140000000002, "lavender": 6677.75, "lilac": 7129.100000000004, "teal": 6832.459999999998, "coral": 6250.869999999999, "copper": 6766.859999999998, "scarlet": 7646.109999999996, "olive": 8112.190000000002, "brown": 6998.029999999996, "emerald": 7194.049999999998, "fuchsia": 5448.2300000000005, "amber": 7677.3200000000015, "erin": 7391.199999999997, "burgundy": 6305.979999999999, "tan": 7869.41, "puce": 7025.090000000001, "indigo": 7738.7699999999995, "apricot": 6927.59, "champagne": 6465.42, "pear": 7576.0199999999995, "ivory": 6474.869999999996, "byzantium": 7008.13, "peach": 6277.040000000001, "chocolate": 6956.42, "sangria": 7086.2000000000035, "raspberry": 6657.3300000000045, "cerulean": 6054.66, "orchid": 7448.309999999999, "silver": 6217.37, "plum": 6504.220000000001, "ultramarine": 7036.2, "yellow": 6459.76, "turquoise": 5742.18, "harlequin": 6933.340000000002, "red": 7244.670000000003, "periwinkle": 6438.219999999999, "cerise": 8175.560000000001, "sapphire": 7735.360000000001, "ochre": 7790.289999999999, "coffee": 7290.300000000005, "gray": 6287.529999999998, "purple": 7122.509999999998, "gold": 7590.920000000002, "blue": 7010.780000000003, "viridian": 7500.640000000005, "grey": 7523.410000000001, "orange": 6488.100000000002, "black": 7036.820000000002, "maroon": 7867.000000000004, "salmon": 6213.640000000004, "taupe": 8075.329999999995, "amethyst": 7449.749999999996, "sky": 6961.77, "amaranth": 7771.5099999999975, "aquamarine": 7046.32, "crimson": 5925.950000000001, "magenta": 6940.24, "green": 7281.090000000003, "rose": 5301.58, "bronze": 6439.569999999999, "cyan": 6988.389999999999, "ruby": 7375.900000000003, "azure": 8100.839999999999, "mauve": 6137.719999999998, "jade": 6059.990000000001, "lemon": 6906.240000000002, "white": 7243.749999999999, "beige": 6360.729999999999}