{"Books": 11653.819999999994, "Beauty & Jewelry": 672.8599999999999, "Kids": 11302.509999999997, "Garden & Baby": 613.57, "Grocery": 11149.95, "Games": 11549.659999999996, "Health & Jewelry": 622.9300000000001, "Home": 13029.009999999998, "Tools": 10474.910000000002, "Baby & Music": 397.3, "Music & Clothing": 540.31, "Outdoors": 12890.879999999997, "Health": 11349.079999999993, "Garden & Outdoors": 696.83, "Clothing & Outdoors": 613.65, "Movies": 11163.719999999988, "Automotive": 10402.999999999996, "Shoes": 11675.17, "Clothing & Games": 567.11, "Automotive & Electronics": 429.37, "Home & Electronics": 819.6399999999999, "Clothing": 12787.219999999994, "Music": 11812.539999999995, "Beauty": 11620.859999999999, "Jewelry": 10532.119999999999, "Games & Kids": 477.66, "Toys": 10781.549999999996, "Books & Music": 777.0099999999999, "Music & Kids": 306.12, "Clothing & Baby": 454.91, "Automotive & Toys": 826.2799999999997, "Toys & Kids": 965.8200000000002, "Jewelry & Garden": 629.58, "Computers": 11300.62, "Grocery & Music": 747.6799999999998, "Health & Beauty": 499.02, "Sports": 10505.510000000002, "Electronics": 10428.160000000003, "Industrial & Music": 1330.5899999999997, "Grocery & Books": 353.99, "Outdoors & Home": 485.93000000000006, "Books & Clothing": 726.3399999999999, "Computers & Tools": 294.90000000000003, "Kids & Shoes": 844.17, "Shoes & Beauty": 614.3999999999999, "Books & Health": 990.3100000000001, "Garden & Shoes": 334.78000000000003, "Garden & Movies": 614.4100000000001, "Toys & Movies": 486.92999999999995, "Grocery & Jewelry": 334.96000000000004, "Sports & Grocery": 711.18, "Baby": 11409.35999999999, "Garden": 10857.189999999999, "Toys & Grocery": 624.65, "Tools & Electronics": 859.4799999999998, "Books & Games": 445.32, "Sports & Games": 537.93, "Outdoors & Tools": 444.73999999999995, "Games & Garden": 545.5, "Toys & Outdoors": 599.1999999999999, "Grocery & Home": 711.65, "Games & Baby": 350.96000000000004, "Toys & Clothing": 416.79, "Industrial & Outdoors": 489.95000000000005, "Books & Automotive": 487.1, "Industrial": 10542.309999999996, "Games & Electronics": 624.37, "Home & Kids": 256.68, "Kids & Industrial": 212.13, "Games & Books": 344.96, "Kids & Grocery": 457.06000000000006, "Industrial & Grocery": 531.8, "Computers & Outdoors": 627.6200000000001, "Tools & Toys": 651.6500000000001, "Sports & Movies": 537.91, "Tools & Garden": 270.9, "Beauty & Grocery": 422.07, "Games & Clothing": 587.4499999999999, "Garden & Sports": 1015.37, "Garden & Kids": 772.17, "Computers & Sports": 563.9, "Automotive & Baby": 468.76000000000005, "Shoes & Home": 634.4300000000001, "Sports & Outdoors": 455.64000000000004, "Garden & Tools": 498.59000000000003, "Baby & Industrial": 648.5700000000002, "Music & Books": 758.3599999999999, "Clothing & Electronics": 527.36, "Shoes & Music": 434.56, "Automotive & Health": 393.0, "Health & Grocery": 356.33000000000004, "Beauty & Toys": 519.01, "Electronics & Baby": 802.3900000000001, "Health & Shoes": 593.0999999999999, "Health & Toys": 554.0400000000001, "Outdoors & Jewelry": 763.1700000000001, "Kids & Sports": 753.4399999999999, "Music & Automotive": 451.74999999999994, "Beauty & Baby": 651.28, "Computers & Toys": 472.78000000000003, "Books & Garden": 335.72999999999996, "Garden & Grocery": 575.43, "Grocery & Tools": 415.57, "Outdoors & Baby": 576.9699999999999, "Kids & Movies": 135.95, "Movies & Electronics": 853.78, "Outdoors & Garden": 682.3000000000001, "Jewelry & Shoes": 461.03, "Tools & Beauty": 536.56, "Shoes & Games": 773.76, "Movies & Baby": 691.95, "Music & Sports": 400.18, "Clothing & Health": 809.1999999999999, "Health & Music": 854.5299999999999, "Electronics & Industrial": 754.2500000000001, "Grocery & Sports": 768.5, "Jewelry & Kids": 680.8, "Sports & Home": 875.98, "Jewelry & Music": 397.67999999999995, "Books & Beauty": 553.7099999999999, "Computers & Clothing": 888.5700000000002, "Sports & Health": 545.21, "Home & Toys": 601.93, "Kids & Health": 584.4000000000001, "Electronics & Shoes": 676.05, "Beauty & Health": 799.1800000000001, "Health & Home": 557.47, "Electronics & Jewelry": 697.34, "Clothing & Garden": 731.27, "Outdoors & Clothing": 519.0699999999999, "Baby & Toys": 266.59000000000003, "Beauty & Books": 630.31, "Movies & Books": 644.83, "Garden & Health": 459.08000000000004, "Movies & Shoes": 571.6899999999999, "Grocery & Computers": 487.27000000000004, "Grocery & Electronics": 772.48, "Home & Shoes": 904.5000000000001, "Computers & Music": 965.23, "Sports & Beauty": 249.72, "Outdoors & Industrial": 633.25, "Kids & Toys": 464.78000000000003, "Computers & Home": 397.40999999999997, "Garden & Electronics": 414.7, "Baby & Grocery": 436.16, "Automotive & Home": 610.9799999999999, "Jewelry & Computers": 546.39, "Baby & Movies": 729.0000000000001, "Tools & Industrial": 465.02, "Sports & Industrial": 652.13, "Beauty & Garden": 895.1300000000001, "Baby & Kids": 705.73, "Outdoors & Games": 934.7599999999999, "Home & Grocery": 296.44000000000005, "Games & Automotive": 405.2, "Computers & Books": 600.8000000000001, "Movies & Tools": 574.58, "Outdoors & Automotive": 595.55, "Tools & Clothing": 254.25, "Toys & Home": 214.41000000000003, "Music & Garden": 386.1, "Shoes & Garden": 352.37, "Industrial & Movies": 488.1, "Books & Kids": 572.15, "Games & Home": 353.70000000000005, "Computers & Health": 564.14, "Sports & Shoes": 655.3299999999999, "Baby & Books": 747.82, "Shoes & Movies": 480.64000000000004, "Baby & Sports": 613.1, "Games & Jewelry": 383.09000000000003, "Beauty & Outdoors": 359.23999999999995, "Tools & Games": 466.29, "Toys & Games": 396.67, "Home & Clothing": 355.73, "Kids & Books": 241.26999999999998, "Sports & Clothing": 480.49, "Sports & Garden": 703.56, "Computers & Jewelry": 499.85, "Health & Books": 651.6800000000001, "Industrial & Shoes": 415.35, "Baby & Clothing": 869.27, "Toys & Health": 597.2699999999999, "Toys & Books": 720.4999999999999, "Industrial & Baby": 633.9800000000001, "Baby & Home": 501.93, "Clothing & Kids": 716.6999999999999, "Electronics & Toys": 915.6600000000001, "Industrial & Jewelry": 242.5, "Sports & Jewelry": 684.24, "Automotive & Tools": 680.7099999999999, "Home & Computers": 474.74000000000007, "Industrial & Automotive": 760.42, "Jewelry & Industrial": 676.46, "Grocery & Industrial": 302.85, "Computers & Industrial": 611.5600000000001, "Shoes & Sports": 667.0300000000001, "Clothing & Music": 407.55999999999995, "Kids & Clothing": 531.7, "Toys & Electronics": 309.27000000000004, "Health & Outdoors": 849.0200000000002, "Jewelry & Sports": 550.91, "Baby & Health": 413.45, "Baby & Computers": 663.93, "Grocery & Toys": 523.29, "Tools & Outdoors": 587.66, "Automotive & Movies": 378.83, "Baby & Automotive": 725.4700000000001, "Beauty & Clothing": 728.96, "Kids & Baby": 541.0500000000001, "Outdoors & Books": 595.1800000000001, "Movies & Health": 410.65, "Jewelry & Books": 573.45, "Electronics & Music": 739.27, "Books & Baby": 542.6, "Health & Baby": 527.98, "Outdoors & Shoes": 585.9499999999999, "Toys & Tools": 395.82, "Games & Health": 701.4999999999998, "Baby & Games": 440.46999999999997, "Tools & Shoes": 471.04, "Movies & Kids": 295.79999999999995, "Computers & Shoes": 534.1, "Jewelry & Outdoors": 515.9499999999999, "Kids & Tools": 434.42999999999995, "Clothing & Sports": 489.4299999999999, "Shoes & Automotive": 458.98999999999995, "Grocery & Kids": 454.22, "Movies & Automotive": 748.32, "Home & Movies": 673.49, "Toys & Jewelry": 650.8399999999999, "Games & Outdoors": 734.5200000000001, "Movies & Toys": 637.22, "Automotive & Grocery": 663.0899999999999, "Movies & Music": 974.57, "Computers & Games": 411.05999999999995, "Industrial & Toys": 584.1800000000001, "Garden & Home": 254.69, "Kids & Games": 266.13, "Clothing & Toys": 608.31, "Health & Automotive": 708.1300000000001, "Clothing & Computers": 418.01, "Computers & Movies": 210.88, "Games & Beauty": 818.81, "Books & Home": 657.89, "Jewelry & Automotive": 335.52, "Books & Electronics": 715.02,