{"Copper": 29214.269999999964, "Plastic": 30722.250000000007, "Cotton": 30370.349999999984, "Concrete": 28833.050000000025, "Wooden": 26241.649999999994, "Linen": 30135.010000000017, "Paper": 28551.840000000026, "Aluminum": 29424.050000000007, "Bronze": 31721.92000000002, "Rubber": 29067.299999999992, "Silk": 29296.339999999967, "Leather": 29347.729999999985, "Granite": 28958.930000000004, "Wool": 30329.31000000001, "Marble": 31173.680000000037, "Steel": 28600.629999999994, "Iron": 27654.77999999997}