{"Table": 25586.039999999997, "Bag": 24625.409999999993, "Bench": 22931.320000000003, "Shirt": 24802.920000000006, "Chair": 25030.99, "Bottle": 27128.22999999998, "Knife": 26356.389999999985, "Car": 24873.800000000003, "Pants": 24387.210000000017, "Coat": 24920.299999999977, "Plate": 24860.15, "Gloves": 25988.159999999996, "Hat": 23065.32, "Keyboard": 25898.14, "Shoes": 24816.059999999983, "Lamp": 24855.28000000001, "Clock": 25101.44000000001, "Watch": 24799.450000000015, "Computer": 24259.509999999987, "Wallet": 25356.970000000005}