{"plum": 7622.4299999999985, "carmine": 6671.620000000003, "lavender": 6522.020000000002, "amethyst": 7301.050000000002, "coral": 7438.4100000000035, "harlequin": 7336.520000000001, "maroon": 6308.909999999997, "bronze": 7300.7, "silver": 6251.509999999999, "ivory": 7253.969999999999, "taupe": 6893.18, "grey": 5470.940000000001, "orchid": 5342.91, "cerise": 6510.150000000001, "peach": 7561.699999999998, "jade": 7223.600000000001, "aquamarine": 6308.87, "yellow": 7239.380000000001, "puce": 7607.54, "coffee": 7735.29, "apricot": 7927.730000000004, "beige": 6868.710000000001, "blue": 6693.459999999997, "sapphire": 5542.94, "magenta": 6515.819999999999, "purple": 7712.409999999999, "cyan": 7248.069999999999, "ultramarine": 7444.799999999999, "blush": 7391.750000000001, "amaranth": 7169.729999999997, "gold": 7117.130000000005, "tan": 6893.010000000001, "green": 7568.62, "brown": 7035.399999999997, "champagne": 7125.820000000001, "red": 8153.49, "cerulean": 7205.85, "sangria": 7122.999999999996, "olive": 6825.339999999997, "fuchsia": 6541.06, "viridian": 5214.689999999999, "pear": 7278.080000000002, "black": 6610.61, "lilac": 6182.51, "chocolate": 5901.370000000002, "teal": 6712.290000000001, "crimson": 5853.589999999997, "rose": 6209.430000000001, "ochre": 7988.760000000004, "scarlet": 6110.409999999996, "azure": 7207.110000000005, "orange": 6910.680000000004, "lime": 6591.119999999996, "sky": 6894.099999999999, "emerald": 6938.68, "amber": 7658.630000000003, "lemon": 6449.159999999999, "pink": 6738.189999999998, "gray": 7265.050000000001, "raspberry": 7405.86, "ruby": 6627.470000000001, "mauve": 6978.730000000003, "burgundy": 7456.560000000003, "copper": 7414.319999999999, "salmon": 7125.089999999998, "turquoise": 6699.570000000001, "erin": 7847.450000000004, "periwinkle": 7155.4600000000055, "white": 6361.280000000002, "violet": 7875.790000000002, "byzantium": 8198.83, "indigo": 5333.389999999999}