{"Beauty & Baby": 560.3800000000001, "Garden & Music": 843.4200000000001, "Tools": 13549.32000000001, "Computers & Clothing": 709.6500000000001, "Garden": 10596.040000000005, "Jewelry & Automotive": 260.96000000000004, "Books & Outdoors": 331.09000000000003, "Games": 10258.210000000001, "Books & Automotive": 759.7200000000001, "Health": 12965.6, "Baby & Industrial": 308.48999999999995, "Shoes & Movies": 281.76, "Home & Shoes": 673.05, "Industrial": 12646.920000000011, "Music": 11416.149999999998, "Grocery & Electronics": 573.6100000000001, "Toys & Outdoors": 521.58, "Jewelry & Beauty": 746.52, "Grocery & Computers": 431.61, "Movies": 11485.819999999994, "Automotive": 11084.760000000002, "Games & Grocery": 604.0799999999999, "Computers & Home": 653.5799999999999, "Clothing & Outdoors": 669.24, "Kids & Home": 463.53, "Movies & Industrial": 855.0999999999999, "Outdoors & Health": 191.07999999999998, "Garden & Sports": 875.0799999999999, "Baby": 11003.390000000001, "Industrial & Outdoors": 704.49, "Books": 11003.32, "Jewelry & Electronics": 536.24, "Music & Computers": 251.47, "Clothing": 11441.86, "Outdoors & Kids": 557.0, "Sports": 10305.92, "Health & Garden": 751.6200000000001, "Automotive & Books": 502.19, "Outdoors": 9369.03, "Electronics": 12264.79, "Shoes": 12277.760000000004, "Music & Shoes": 321.48, "Clothing & Toys": 262.7, "Tools & Shoes": 503.16, "Games & Jewelry": 717.48, "Computers": 11463.290000000006, "Computers & Kids": 456.64, "Books & Clothing": 375.87, "Tools & Music": 515.76, "Garden & Tools": 554.4, "Books & Grocery": 566.0699999999999, "Home": 10512.489999999998, "Toys": 9766.29, "Grocery": 11496.709999999994, "Books & Music": 423.09999999999997, "Industrial & Jewelry": 239.0, "Movies & Electronics": 634.67, "Kids & Tools": 1381.61, "Kids": 11025.459999999994, "Shoes & Beauty": 782.0600000000001, "Books & Industrial": 752.87, "Shoes & Clothing": 359.91, "Music & Health": 909.51, "Toys & Games": 803.2800000000002, "Kids & Shoes": 678.28, "Outdoors & Industrial": 511.76, "Music & Garden": 853.97, "Computers & Grocery": 590.34, "Clothing & Baby": 765.05, "Beauty & Electronics": 582.2199999999999, "Music & Jewelry": 819.02, "Automotive & Games": 598.02, "Outdoors & Sports": 797.1799999999998, "Home & Baby": 624.3799999999999, "Home & Garden": 527.1300000000001, "Garden & Electronics": 475.99, "Outdoors & Games": 564.3900000000001, "Kids & Music": 850.26, "Garden & Health": 559.8, "Industrial & Computers": 259.44, "Beauty & Jewelry": 679.5499999999998, "Sports & Baby": 449.67, "Baby & Sports": 596.07, "Games & Garden": 479.21999999999997, "Electronics & Toys": 818.37, "Toys & Kids": 438.84999999999997, "Baby & Games": 494.94, "Clothing & Movies": 565.16, "Home & Kids": 497.80999999999995, "Kids & Garden": 297.82000000000005, "Home & Tools": 839.5600000000001, "Sports & Beauty": 500.87, "Beauty": 10402.14, "Sports & Movies": 517.6, "Jewelry & Shoes": 870.9900000000001, "Movies & Computers": 924.8299999999999, "Toys & Books": 1239.74, "Clothing & Sports": 421.79, "Games & Tools": 288.27000000000004, "Beauty & Clothing": 482.84000000000003, "Tools & Beauty": 430.64, "Jewelry": 10814.780000000006, "Baby & Grocery": 428.20000000000005, "Baby & Health": 706.08, "Sports & Garden": 502.94, "Games & Computers": 710.06, "Shoes & Automotive": 629.4499999999999, "Grocery & Beauty": 611.57, "Electronics & Books": 497.07000000000005, "Computers & Beauty": 391.21000000000004, "Sports & Clothing": 327.66999999999996, "Electronics & Garden": 915.77, "Beauty & Shoes": 495.87999999999994, "Books & Beauty": 693.77, "Grocery & Tools": 786.62, "Games & Beauty": 552.5400000000001, "Toys & Music": 621.51, "Baby & Electronics": 766.15, "Industrial & Beauty": 717.3199999999999, "Games & Electronics": 265.0, "Jewelry & Health": 512.0699999999999, "Home & Sports": 516.76, "Tools & Automotive": 483.86, "Health & Sports": 338.65000000000003, "Movies & Outdoors": 589.6899999999999, "Computers & Music": 270.98, "Movies & Automotive": 304.52, "Toys & Sports": 1038.81, "Electronics & Grocery": 622.17, "Home & Industrial": 508.81, "Kids & Sports": 580.76, "Computers & Electronics": 769.69, "Industrial & Sports": 374.81000000000006, "Health & Automotive": 650.0899999999999, "Industrial & Automotive": 438.64, "Baby & Outdoors": 525.26, "Music & Automotive": 523.2300000000001, "Shoes & Garden": 258.90999999999997, "Electronics & Tools": 777.8699999999999, "Beauty & Home": 747.8500000000001, "Computers & Industrial": 403.75999999999993, "Beauty & Grocery": 196.75, "Baby & Books": 580.2700000000001, "Shoes & Baby": 423.7600000000001, "Toys & Health": 566.8, "Sports & Games": 378.82, "Kids & Games": 920.12, "Games & Automotive": 382.43, "Toys & Industrial": 297.05, "Movies & Kids": 443.08, "Industrial & Clothing": 497.25, "Clothing & Games": 1080.19, "Shoes & Games": 672.01, "Garden & Shoes": 563.3800000000001, "Health & Tools": 265.88, "Music & Outdoors": 736.4200000000001, "Sports & Music": 451.76, "Clothing & Health": 482.47, "Health & Movies": 787.61, "Home & Movies": 371.17999999999995, "Health & Toys": 800.3800000000002, "Automotive & Electronics": 414.65000000000003, "Home & Beauty": 752.0300000000002, "Health & Books": 500.02, "Computers & Outdoors": 612.37, "Movies & Garden": 409.78000000000003, "Industrial & Home": 459.88, "Kids & Books": 390.32, "Baby & Jewelry": 462.59000000000003, "Kids & Beauty": 501.96000000000004, "Kids & Grocery": 520.49, "Baby & Computers": 785.73, "Industrial & Kids": 657.4300000000001, "Health & Kids": 553.59, "Garden & Computers": 379.69, "Kids & Health": 554.59, "Automotive & Sports": 450.72999999999996, "Toys & Beauty": 508.2, "Toys & Clothing": 472.06, "Clothing & Automotive": 566.0, "Baby & Tools": 910.48, "Home & Games": 463.53000000000003, "Health & Shoes": 547.86, "Clothing & Books": 452.47, "Grocery & Shoes": 615.13, "Home & Grocery": 704.18, "Music & Movies": 660.27, "Outdoors & Shoes": 706.3199999999999, "Music & Home": 406.43999999999994, "Movies & Grocery": 396.90999999999997, "Tools & Outdoors": 476.01, "Industrial & Grocery": 600.47, "Electronics & Jewelry": 574.37, "Computers & Jewelry": 621.55, "Electronics & Sports": 734.0400000000001, "Garden & Clothing": 490.66999999999996, "Baby & Garden": 752.78, "Shoes & Outdoors": 665.02, "Computers & Toys": 684.14, "Health & Outdoors": 744.4100000000001, "Kids & Jewelry": 569.1999999999999, "Shoes & Computers": 702.7099999999999, "Games & Baby": 698.21, "Music & Grocery": 709.0800000000002, "Kids & Baby": 445.09000000000003, "Outdoors & Movies": 494.28, "Clothing & Tools": 383.6700000000001, "Electronics & Home": 515.38, "Music & Beauty": 473.2, "Movies & Tools": 734.4799999999999, "Outdoors & Beauty": 744.32, "Garden & Games": 636.29, "Beauty & Outdoors": 667.41, "Books & Garden": 599.37, "Jewelry & Music": 655.04, "Music & Sports": 462.99, "Clothing & Beauty": 333.00000000000006, "Jewelry & Baby": 140.31, "Shoes & Electronics": 574.01, "Sports & Home": 509.91, "Shoes & Industrial": 442.58000000000004, "Outdoors & Tools": 584.17, "Games & Clothing": 507.94, "Jewelry & Movies": 669.1200000000001, "Outdoors & Toys": 747.58, "Industrial & Shoes": 454.91, "Home & Automotive": 679.98, "Shoes & Books": 523.0699999999999, "Baby & Beauty": 721.1100000000001, "Movies & Clothing": 727.45, "Jewelry & Sports": 689.1099999999999, "Garden & Baby": 493.89, "Clothing & Industrial": 744.54, "Garden & Home": 759.48, "Health & Games": 427.32000000000005, "Grocery & Kids": 703.1400000000001, "Computers & Games": 512.72, "Beauty & Sports": 829.6300000000001, "Toys & Electronics": 262.41, "Clothing & Kids": 307.16999999999996, "Jewelry & Industrial": 156.73000000000002, "Toys & Shoes": 355.82000000000005, "Games & Outdoors": 562.87, "Toys & Movies": 755.58, "Movies & Music": 998.88, "Sports & Kids": 501.33, "Electronics & Games": 712.3300000000002, "Games & Shoes": 578.2, "Music & Industrial": 556.0, "Industrial & Toys": 492.91999999999996, "Toys & Automotive": 406.79, "Sports & Books": 195.59,