{"Silk": 29920.510000000013, "Wool": 27026.479999999974, "Plastic": 27574.21, "Aluminum": 29036.900000000005, "Rubber": 29607.740000000023, "Iron": 33572.71999999999, "Granite": 30028.630000000012, "Marble": 30388.809999999972, "Steel": 31292.72000000001, "Concrete": 29405.64000000003, "Bronze": 28620.75000000001, "Leather": 27661.570000000014, "Linen": 27727.869999999988, "Cotton": 28768.53, "Wooden": 28898.979999999996, "Copper": 29991.710000000014, "Paper": 29675.33000000001}