{"Wallet": 24089.950000000004, "Computer": 23983.84, "Bag": 24292.160000000007, "Hat": 26785.510000000006, "Plate": 27331.080000000016, "Coat": 24028.699999999993, "Table": 24095.82000000004, "Pants": 25001.410000000007, "Shirt": 21453.670000000002, "Car": 24839.30999999998, "Knife": 25484.65, "Shoes": 24155.230000000018, "Bottle": 26097.56999999998, "Gloves": 25091.270000000004, "Keyboard": 24575.07000000002, "Clock": 25507.64000000003, "Lamp": 25679.63999999999, "Watch": 25218.589999999997, "Bench": 25582.960000000006, "Chair": 25905.03}