{"lavender": 6943.73, "chocolate": 6768.519999999996, "orange": 7594.100000000002, "silver": 7551.859999999999, "brown": 6810.500000000001, "peach": 7962.7999999999965, "carmine": 7231.209999999998, "maroon": 5927.4800000000005, "violet": 7435.249999999995, "red": 6689.470000000001, "apricot": 6453.719999999999, "bronze": 7074.790000000004, "rose": 7150.139999999999, "coral": 7268.950000000003, "beige": 7129.320000000001, "turquoise": 7588.350000000001, "magenta": 6635.690000000002, "gray": 5895.050000000002, "azure": 6812.749999999999, "pink": 7457.809999999997, "blush": 7205.2000000000035, "plum": 5512.829999999998, "blue": 6675.380000000001, "lemon": 7989.610000000001, "yellow": 7516.739999999999, "gold": 7802.580000000003, "erin": 6931.679999999998, "emerald": 6495.269999999996, "ochre": 7044.5, "mauve": 8229.559999999996, "sky": 6237.84, "olive": 8415.410000000003, "scarlet": 7722.999999999999, "pear": 6676.5700000000015, "harlequin": 6928.919999999997, "cerulean": 6920.85, "white": 6361.909999999996, "grey": 6860.439999999999, "copper": 5973.290000000002, "periwinkle": 5939.940000000001, "aquamarine": 5982.420000000002, "cyan": 6865.310000000002, "sapphire": 7564.280000000001, "ruby": 6875.73, "lilac": 7672.83, "fuchsia": 5916.399999999999, "salmon": 6760.399999999996, "ultramarine": 7230.839999999997, "jade": 7412.1100000000015, "tan": 6631.51, "cerise": 6580.180000000003, "ivory": 7582.310000000001, "burgundy": 6486.9, "purple": 7097.47, "indigo": 7232.77, "puce": 6326.630000000001, "byzantium": 5561.789999999999, "raspberry": 7018.530000000003, "sangria": 6790.480000000002, "orchid": 5669.490000000003, "coffee": 5945.299999999997, "amaranth": 7132.719999999998, "crimson": 6798.380000000005, "lime": 7437.640000000004, "teal": 7056.159999999996, "champagne": 6829.899999999997, "amethyst": 6997.220000000001, "green": 5783.910000000002, "black": 7299.3099999999995, "viridian": 8190.5999999999985, "taupe": 6316.379999999998, "amber": 7325.439999999999}