{"Marble": 29625.650000000012, "Silk": 30129.739999999976, "Bronze": 28766.66000000001, "Iron": 28350.199999999997, "Rubber": 28783.879999999997, "Paper": 29941.340000000004, "Granite": 28741.239999999998, "Linen": 28913.57000000001, "Steel": 28032.129999999986, "Copper": 28512.419999999984, "Aluminum": 28380.830000000016, "Leather": 30973.24000000002, "Wool": 27827.390000000025, "Plastic": 30379.679999999997, "Concrete": 31313.72999999999, "Cotton": 29640.079999999987, "Wooden": 29882.570000000007}