{"Home": 11621.730000000001, "Tools": 11284.429999999995, "Music": 11427.480000000005, "Automotive": 9696.789999999997, "Books": 12411.709999999988, "Baby": 11389.29000000001, "Health & Industrial": 698.82, "Garden": 12033.199999999997, "Jewelry & Beauty": 219.6, "Baby & Tools": 597.24, "Electronics & Home": 349.57000000000005, "Industrial & Health": 531.4300000000001, "Automotive & Movies": 828.16, "Computers & Home": 646.2500000000001, "Industrial": 11747.610000000006, "Baby & Jewelry": 520.81, "Automotive & Books": 691.6499999999999, "Movies & Sports": 223.45, "Electronics": 11235.759999999998, "Kids & Movies": 531.67, "Shoes & Automotive": 361.39, "Health": 11302.66, "Shoes": 11581.289999999997, "Kids & Electronics": 573.34, "Grocery & Shoes": 267.15000000000003, "Computers & Industrial": 367.38, "Music & Home": 1192.02, "Jewelry": 9927.159999999994, "Toys": 11959.83, "Health & Music": 633.79, "Games & Shoes": 599.77, "Games": 11808.469999999996, "Grocery": 11971.500000000002, "Movies & Grocery": 616.6499999999999, "Movies": 11067.360000000004, "Industrial & Outdoors": 732.1999999999999, "Grocery & Computers": 663.77, "Grocery & Clothing": 504.45000000000005, "Outdoors & Industrial": 463.20000000000005, "Kids & Garden": 712.9699999999999, "Outdoors": 10374.360000000006, "Shoes & Home": 792.8199999999999, "Jewelry & Health": 549.15, "Grocery & Health": 915.3000000000001, "Clothing": 12242.76, "Beauty & Automotive": 374.73, "Games & Grocery": 352.24, "Beauty": 11293.619999999995, "Grocery & Sports": 958.9899999999999, "Home & Garden": 515.9600000000002, "Baby & Clothing": 402.7, "Electronics & Games": 568.92, "Outdoors & Tools": 824.0599999999998, "Grocery & Games": 445.61000000000007, "Home & Movies": 777.18, "Health & Toys": 695.9699999999999, "Beauty & Grocery": 795.84, "Movies & Computers": 818.2, "Sports & Grocery": 427.15, "Beauty & Outdoors": 238.35999999999996, "Toys & Kids": 529.8699999999999, "Games & Jewelry": 765.96, "Computers": 10216.629999999996, "Automotive & Baby": 527.0699999999999, "Automotive & Health": 254.69000000000003, "Baby & Industrial": 840.6000000000001, "Beauty & Clothing": 517.29, "Outdoors & Music": 629.26, "Movies & Clothing": 610.7699999999999, "Beauty & Jewelry": 539.86, "Electronics & Books": 539.2, "Music & Automotive": 925.31, "Home & Computers": 747.1200000000001, "Games & Kids": 457.47, "Garden & Sports": 838.32, "Health & Sports": 795.3100000000001, "Baby & Shoes": 324.74, "Sports & Garden": 458.02, "Kids": 11867.500000000002, "Industrial & Beauty": 594.7600000000001, "Movies & Automotive": 324.14, "Grocery & Kids": 522.36, "Outdoors & Baby": 625.83, "Toys & Automotive": 1069.5899999999997, "Games & Baby": 504.21, "Garden & Computers": 579.8799999999999, "Jewelry & Industrial": 574.64, "Sports & Jewelry": 624.77, "Industrial & Baby": 546.77, "Computers & Beauty": 665.45, "Sports": 11422.319999999996, "Toys & Tools": 433.84, "Books & Outdoors": 358.39, "Automotive & Garden": 531.5799999999999, "Health & Grocery": 299.39, "Tools & Automotive": 679.8000000000001, "Electronics & Grocery": 584.3399999999999, "Clothing & Grocery": 765.47, "Music & Kids": 449.82000000000005, "Movies & Shoes": 345.02, "Baby & Movies": 572.53, "Music & Beauty": 211.3, "Computers & Jewelry": 631.1800000000001, "Shoes & Kids": 873.6400000000001, "Computers & Garden": 327.01000000000005, "Books & Movies": 955.4900000000001, "Jewelry & Toys": 434.02000000000004, "Music & Clothing": 371.14000000000004, "Sports & Movies": 600.1700000000001, "Tools & Kids": 179.49, "Shoes & Beauty": 898.7099999999999, "Electronics & Industrial": 542.87, "Books & Industrial": 756.0699999999999, "Toys & Health": 446.31999999999994, "Garden & Music": 742.5799999999999, "Industrial & Kids": 558.25, "Grocery & Garden": 385.96, "Clothing & Games": 538.6, "Garden & Grocery": 501.0, "Clothing & Health": 483.2, "Home & Baby": 808.82, "Movies & Industrial": 305.40000000000003, "Kids & Beauty": 426.69, "Jewelry & Computers": 796.9700000000001, "Toys & Beauty": 604.07, "Books & Beauty": 565.24, "Games & Beauty": 245.23000000000002, "Games & Computers": 652.51, "Outdoors & Sports": 706.13, "Beauty & Books": 612.2900000000001, "Automotive & Industrial": 394.68000000000006, "Outdoors & Games": 746.6, "Books & Jewelry": 420.17, "Baby & Home": 611.49, "Sports & Games": 444.35999999999996, "Baby & Music": 532.64, "Computers & Movies": 737.1700000000001, "Music & Grocery": 703.0199999999999, "Movies & Health": 561.5799999999999, "Clothing & Music": 456.36, "Garden & Shoes": 431.53999999999996, "Electronics & Baby": 557.0799999999999, "Beauty & Home": 499.42999999999995, "Kids & Clothing": 529.2099999999999, "Clothing & Jewelry": 335.73, "Health & Computers": 483.86, "Tools & Clothing": 538.28, "Movies & Jewelry": 448.64, "Games & Music": 814.09, "Tools & Industrial": 627.6099999999999, "Shoes & Industrial": 356.82000000000005, "Movies & Music": 613.0799999999999, "Games & Books": 620.36, "Clothing & Beauty": 585.75, "Sports & Health": 565.97, "Books & Automotive": 769.6100000000001, "Baby & Toys": 535.7, "Health & Jewelry": 650.9999999999999, "Grocery & Movies": 619.26, "Automotive & Shoes": 385.0900000000001, "Baby & Books": 426.15999999999997, "Garden & Games": 854.58, "Sports & Tools": 351.03, "Beauty & Toys": 711.0, "Sports & Toys": 571.73, "Books & Health": 257.45, "Tools & Electronics": 355.83000000000004, "Electronics & Jewelry": 336.21999999999997, "Beauty & Garden": 509.98, "Health & Beauty": 666.14, "Outdoors & Electronics": 282.76, "Movies & Garden": 336.77, "Clothing & Kids": 781.4200000000001, "Jewelry & Shoes": 837.6300000000001, "Garden & Baby": 573.32, "Sports & Kids": 356.93, "Home & Music": 448.41, "Baby & Garden": 704.4099999999999, "Books & Baby": 608.22, "Industrial & Books": 630.74, "Automotive & Beauty": 860.6300000000001, "Health & Shoes": 405.99, "Garden & Automotive": 643.9, "Tools & Toys": 451.92, "Kids & Sports": 541.91, "Outdoors & Computers": 760.51, "Kids & Industrial": 460.63000000000005, "Health & Garden": 438.56999999999994, "Computers & Sports": 810.84, "Home & Tools": 603.09, "Grocery & Outdoors": 368.64, "Health & Tools": 460.35, "Computers & Outdoors": 174.12, "Clothing & Books": 301.23, "Shoes & Books": 208.23, "Jewelry & Outdoors": 383.35, "Grocery & Tools": 893.0, "Sports & Outdoors": 555.85, "Clothing & Industrial": 659.85, "Electronics & Clothing": 858.03, "Games & Industrial": 364.55, "Games & Health": 503.45, "Movies & Outdoors": 617.63, "Electronics & Toys": 595.54, "Movies & Kids": 309.12, "Books & Kids": 777.6200000000001, "Sports & Home": 708.55, "Garden & Tools": 526.1300000000001, "Baby & Health": 820.39, "Shoes & Clothing": 510.46999999999997, "Games & Toys": 854.66, "Jewelry & Baby": 836.4800000000001, "Music & Toys": 601.7900000000001, "Games & Tools": 445.72, "Industrial & Games": 573.0, "Sports & Computers": 501.01, "Music & Electronics": 417.20000000000005, "Home & Books": 123.52000000000001, "Grocery & Toys": 562.98, "Toys & Games": 590.2, "Jewelry & Games": 563.8299999999999, "Tools & Jewelry": 508.46000000000004, "Garden & Beauty": 742.6500000000001, "Outdoors & Garden": 610.0200000000002, "Movies & Baby": 523.48, "Music & Movies": 325.63, "Jewelry & Clothing": 553.23, "Garden & Jewelry": 589.77, "Jewelry & Home": 603.87, "Sports & Beauty": 871.3199999999999, "Jewelry & Books": 630.01, "Beauty & Games": 747.47, "Health & Movies": 874.0400000000001, "Toys & Electronics": 417.18000000000006, "Clothing & Shoes": 389.6, "Baby & Automotive": 455.2, "Health & Books": 651.8599999999999, "Tools & Health": 752.2, "Music & Sports": 399.98999999999995, "Toys & Music": 403.58, "Health & Clothing": 835.0699999999999, "Tools & Computers": 580.0799999999999, "Outdoors & Health": 814.4299999999998, "Shoes & Grocery": 628.5400000000001, "Tools & Grocery": 789.1999999999998, "Beauty & Electronics": 695.4200000000001, "Toys & Computers": 255.21, "Toys & Outdoors": 352.64000000000004, "Shoes & Outdoors": 468.9100000000001,