{"Keyboard": 27479.54999999999, "Table": 24147.869999999995, "Plate": 25305.499999999975, "Car": 22945.76000000002, "Bench": 25272.680000000008, "Gloves": 26431.600000000002, "Lamp": 22668.300000000017, "Shirt": 25505.02999999999, "Pants": 23945.42999999998, "Hat": 24479.169999999987, "Bottle": 25850.76999999999, "Bag": 25250.79, "Knife": 26239.050000000014, "Shoes": 26857.10999999999, "Wallet": 23252.419999999973, "Coat": 26128.340000000015, "Chair": 25385.159999999993, "Computer": 23755.320000000007, "Watch": 24311.95999999998, "Clock": 22982.539999999983}