{"Wool": 28858.619999999977, "Wooden": 30157.949999999997, "Rubber": 26522.74000000004, "Granite": 31522.720000000038, "Plastic": 31502.050000000014, "Cotton": 28056.299999999985, "Silk": 30749.459999999966, "Iron": 30713.899999999994, "Steel": 29780.730000000018, "Leather": 28635.720000000012, "Copper": 27252.529999999995, "Bronze": 31278.489999999994, "Paper": 27435.33000000002, "Marble": 30819.830000000016, "Linen": 29852.490000000016, "Concrete": 28908.380000000016, "Aluminum": 26860.930000000004}