{"rose": 6283.34, "puce": 7156.780000000001, "grey": 5779.529999999999, "byzantium": 7333.880000000002, "blue": 6441.660000000001, "pear": 6587.700000000003, "amaranth": 8036.72, "magenta": 5683.630000000002, "apricot": 6253.539999999998, "purple": 6570.18, "silver": 6900.250000000003, "periwinkle": 6938.799999999999, "beige": 6967.709999999999, "cerise": 7326.1, "jade": 8506.819999999998, "violet": 5846.950000000001, "lemon": 5978.06, "teal": 6302.419999999998, "cyan": 7147.980000000002, "white": 6254.200000000003, "lime": 7057.109999999997, "salmon": 7031.15, "coffee": 6706.729999999997, "red": 7065.940000000001, "lavender": 7732.089999999999, "indigo": 7127.9699999999975, "ultramarine": 6007.350000000002, "crimson": 8206.659999999994, "copper": 7298.05, "brown": 7406.750000000001, "gray": 7413.979999999998, "ochre": 5059.499999999999, "olive": 7446.539999999998, "viridian": 6928.199999999999, "sangria": 7080.519999999997, "carmine": 5655.620000000002, "emerald": 6094.120000000003, "raspberry": 7267.72, "bronze": 6401.06, "gold": 6926.429999999998, "erin": 7583.79, "ruby": 6543.969999999998, "harlequin": 7526.950000000001, "sapphire": 7646.350000000001, "mauve": 8514.39, "fuchsia": 6980.220000000002, "amethyst": 7078.509999999999, "amber": 6746.149999999998, "orange": 8533.51, "pink": 8642.930000000002, "blush": 6502.660000000002, "cerulean": 6963.879999999999, "sky": 7251.069999999997, "peach": 7121.369999999997, "green": 6993.930000000003, "lilac": 6442.019999999998, "scarlet": 6521.5199999999995, "plum": 7690.27, "champagne": 7125.45, "tan": 7661.910000000005, "aquamarine": 7925.799999999996, "maroon": 5747.59, "chocolate": 6633.269999999996, "coral": 5206.56, "burgundy": 6412.870000000001, "orchid": 6843.969999999999, "ivory": 6570.910000000001, "azure": 5967.139999999998, "black": 7007.219999999998, "yellow": 7827.320000000002, "turquoise": 7073.080000000001, "taupe": 7411.850000000003}