{"Automotive & Books": 462.37, "Grocery & Health": 609.77, "Beauty & Sports": 549.46, "Automotive": 10924.959999999997, "Baby & Outdoors": 518.19, "Outdoors & Computers": 706.21, "Industrial": 11467.769999999991, "Garden": 11301.930000000006, "Computers": 11753.019999999995, "Toys": 11018.549999999997, "Baby & Electronics": 573.86, "Jewelry & Home": 467.09999999999997, "Health & Kids": 576.13, "Baby & Health": 168.6, "Kids": 10818.129999999994, "Outdoors": 10460.000000000004, "Jewelry & Music": 656.33, "Outdoors & Health": 785.1899999999999, "Jewelry": 10843.37, "Toys & Home": 618.0799999999999, "Music & Clothing": 600.87, "Books & Kids": 519.2600000000001, "Automotive & Music": 578.95, "Clothing & Tools": 790.4, "Industrial & Grocery": 613.4399999999998, "Games": 10503.769999999999, "Shoes & Industrial": 447.47, "Tools": 11869.439999999995, "Computers & Jewelry": 724.83, "Kids & Music": 533.6700000000001, "Electronics": 11087.129999999997, "Health & Computers": 340.04999999999995, "Health": 12240.419999999995, "Shoes": 11194.290000000003, "Home": 12557.269999999999, "Computers & Shoes": 769.49, "Grocery & Computers": 1033.77, "Shoes & Clothing": 470.45000000000005, "Garden & Health": 699.5, "Movies": 11696.269999999999, "Health & Tools": 491.67, "Outdoors & Movies": 652.7499999999999, "Industrial & Toys": 675.83, "Electronics & Shoes": 645.32, "Movies & Games": 835.5500000000001, "Health & Automotive": 510.69000000000005, "Jewelry & Movies": 492.03999999999996, "Garden & Baby": 551.7900000000001, "Baby & Kids": 648.7900000000001, "Shoes & Kids": 383.15999999999997, "Grocery & Jewelry": 651.3899999999999, "Sports & Automotive": 812.39, "Movies & Outdoors": 264.06000000000006, "Beauty & Tools": 641.5500000000001, "Sports": 12845.189999999988, "Music": 13312.410000000002, "Grocery": 10623.909999999996, "Grocery & Beauty": 567.85, "Books & Beauty": 546.6199999999999, "Toys & Garden": 702.0100000000001, "Beauty & Grocery": 306.52, "Music & Beauty": 736.5600000000001, "Tools & Grocery": 411.37, "Home & Clothing": 799.9200000000002, "Home & Kids": 602.61, "Books & Garden": 635.03, "Industrial & Games": 426.58, "Books": 10416.019999999991, "Jewelry & Automotive": 675.1100000000001, "Shoes & Tools": 329.62, "Grocery & Electronics": 849.0700000000002, "Beauty": 11938.870000000003, "Grocery & Shoes": 716.88, "Home & Health": 593.55, "Sports & Electronics": 827.76, "Baby": 11824.409999999993, "Jewelry & Electronics": 345.18, "Computers & Outdoors": 880.2299999999999, "Sports & Shoes": 696.9099999999999, "Garden & Computers": 617.03, "Beauty & Jewelry": 551.0200000000001, "Industrial & Electronics": 624.29, "Jewelry & Kids": 407.6, "Movies & Electronics": 187.79, "Automotive & Beauty": 459.88, "Electronics & Beauty": 623.31, "Shoes & Jewelry": 476.46, "Automotive & Kids": 756.3900000000001, "Beauty & Garden": 470.57, "Sports & Home": 923.56, "Clothing & Baby": 541.8300000000002, "Outdoors & Electronics": 574.8299999999999, "Games & Clothing": 546.45, "Games & Home": 469.67, "Home & Grocery": 494.93, "Tools & Music": 404.27, "Clothing": 10696.099999999995, "Electronics & Health": 577.86, "Electronics & Toys": 542.64, "Beauty & Books": 501.25, "Toys & Computers": 836.8400000000001, "Tools & Games": 454.95, "Jewelry & Sports": 867.94, "Tools & Baby": 804.3900000000001, "Books & Clothing": 570.8100000000001, "Jewelry & Computers": 316.49999999999994, "Industrial & Baby": 586.91, "Automotive & Clothing": 465.40999999999997, "Industrial & Home": 365.52000000000004, "Kids & Books": 649.0000000000001, "Music & Tools": 411.36999999999995, "Automotive & Computers": 270.04, "Garden & Beauty": 622.4599999999999, "Games & Kids": 772.95, "Automotive & Grocery": 272.25999999999993, "Garden & Movies": 586.9100000000001, "Garden & Grocery": 883.19, "Industrial & Outdoors": 826.2600000000001, "Industrial & Jewelry": 1114.7, "Computers & Movies": 694.49, "Tools & Sports": 748.25, "Kids & Outdoors": 450.18, "Garden & Kids": 291.77, "Movies & Clothing": 777.0, "Shoes & Books": 887.47, "Music & Movies": 508.39, "Movies & Health": 303.09, "Toys & Electronics": 911.5000000000002, "Beauty & Home": 780.7, "Outdoors & Jewelry": 605.64, "Shoes & Grocery": 666.94, "Sports & Books": 418.08, "Tools & Clothing": 838.0999999999999, "Books & Toys": 221.29999999999998, "Tools & Home": 825.8, "Movies & Kids": 948.3199999999998, "Games & Baby": 1021.26, "Music & Jewelry": 777.2, "Health & Baby": 720.2800000000001, "Games & Books": 442.32000000000005, "Automotive & Games": 597.0400000000001, "Sports & Outdoors": 720.2800000000001, "Grocery & Sports": 832.9299999999998, "Tools & Beauty": 517.37, "Baby & Shoes": 630.67, "Health & Jewelry": 795.3999999999999, "Electronics & Jewelry": 730.04, "Baby & Games": 638.63, "Sports & Kids": 688.7499999999999, "Computers & Automotive": 511.88, "Sports & Beauty": 377.91999999999996, "Shoes & Baby": 635.7299999999999, "Clothing & Industrial": 458.51, "Movies & Grocery": 850.8299999999999, "Garden & Outdoors": 506.14000000000004, "Computers & Tools": 205.37999999999997, "Games & Sports": 541.44, "Home & Industrial": 652.5999999999999, "Jewelry & Books": 711.7500000000001, "Movies & Automotive": 337.48, "Garden & Music": 299.78999999999996, "Clothing & Beauty": 745.4100000000001, "Movies & Computers": 787.5799999999999, "Kids & Automotive": 710.66, "Baby & Garden": 197.09, "Music & Grocery": 728.7199999999999, "Clothing & Toys": 1071.4099999999999, "Grocery & Industrial": 546.77, "Books & Jewelry": 529.72, "Toys & Baby": 483.93, "Sports & Jewelry": 738.45, "Grocery & Kids": 171.85999999999999, "Health & Industrial": 778.3100000000002, "Health & Sports": 770.5400000000001, "Beauty & Outdoors": 513.24, "Music & Baby": 507.3799999999999, "Clothing & Kids": 560.76, "Beauty & Industrial": 683.3499999999999, "Shoes & Games": 579.8100000000001, "Books & Tools": 679.59, "Shoes & Health": 311.60999999999996, "Tools & Electronics": 722.51, "Books & Industrial": 541.5999999999999, "Home & Games": 440.32000000000005, "Garden & Toys": 879.2200000000001, "Grocery & Music": 411.93, "Electronics & Music": 693.67, "Automotive & Home": 523.63, "Outdoors & Beauty": 482.18, "Music & Kids": 650.2900000000001, "Garden & Industrial": 634.93, "Jewelry & Health": 418.43, "Tools & Industrial": 579.6899999999999, "Beauty & Electronics": 486.25000000000006, "Tools & Books": 899.2200000000001, "Garden & Electronics": 625.95, "Grocery & Automotive": 597.99, "Books & Home": 599.65, "Home & Sports": 586.1400000000001, "Garden & Shoes": 443.52000000000004, "Movies & Industrial": 826.3599999999999, "Toys & Industrial": 486.34000000000003, "Kids & Garden": 627.9300000000001, "Music & Garden": 387.90999999999997, "Baby & Home": 430.4200000000001, "Outdoors & Home": 702.2, "Computers & Kids": 434.76, "Games & Computers": 582.79, "Electronics & Clothing": 211.75, "Movies & Sports": 575.45, "Games & Toys": 597.18, "Computers & Clothing": 610.4499999999999, "Movies & Jewelry": 680.1, "Shoes & Home": 693.3100000000001, "Computers & Games": 912.1200000000001, "Tools & Health": 627.9700000000001, "Automotive & Outdoors": 417.93000000000006, "Shoes & Automotive": 534.75, "Outdoors & Books": 361.34, "Computers & Home": 473.86, "Outdoors & Grocery": 618.16, "Grocery & Outdoors": 839.17, "Home & Jewelry": 439.55999999999995, "Toys & Automotive": 54.0, "Sports & Grocery": 442.13, "Beauty & Kids": 549.73, "Toys & Games": 371.29999999999995, "Automotive & Jewelry": 595.86, "Beauty & Computers": 610.74, "Grocery & Clothing": 652.62, "Computers & Health": 298.84, "Health & Electronics": 630.19, "Automotive & Sports": 326.09999999999997, "Music & Sports": 279.93, "Outdoors & Games": 667.7400000000001, "Home & Shoes": 670.48, "Music & Computers": 535.86, "Tools & Shoes": 149.54, "Automotive & Baby": 927.2600000000001, "Electronics & Sports": 393.24999999999994, "Automotive & Health": 523.47, "Health & Clothing": 646.5400000000001, "Outdoors & Clothing": 523.09, "Sports & Health": 679.0,