{"Clock": 25852.810000000005, "Wallet": 24699.050000000017, "Table": 26513.30999999999, "Hat": 25202.30000000003, "Lamp": 24225.280000000002, "Bench": 25360.740000000023, "Knife": 26536.300000000032, "Gloves": 24375.500000000025, "Pants": 23629.16999999998, "Plate": 22407.549999999977, "Car": 24925.280000000013, "Watch": 24555.279999999973, "Shoes": 24877.420000000013, "Keyboard": 26656.490000000027, "Computer": 23397.070000000018, "Bottle": 25512.919999999995, "Bag": 24641.849999999988, "Coat": 24917.400000000023, "Chair": 27211.480000000007, "Shirt": 23410.96999999999}