{"Bronze": 32548.009999999977, "Wooden": 29787.58000000002, "Silk": 30432.450000000015, "Leather": 30797.17000000002, "Linen": 30277.23000000004, "Marble": 28624.29000000003, "Steel": 28215.160000000025, "Concrete": 29627.359999999975, "Granite": 26599.329999999994, "Aluminum": 30030.689999999995, "Paper": 27460.599999999995, "Copper": 25989.87999999998, "Cotton": 30187.439999999995, "Iron": 29350.95999999997, "Rubber": 28790.669999999984, "Plastic": 29998.680000000008, "Wool": 29607.120000000014}