{"crimson": 6465.299999999997, "taupe": 5835.929999999999, "coral": 6896.570000000001, "champagne": 6976.469999999996, "turquoise": 6835.620000000002, "gold": 6769.769999999999, "lemon": 7577.590000000001, "scarlet": 6213.659999999998, "green": 7554.619999999999, "puce": 6523.779999999996, "cyan": 6301.8600000000015, "bronze": 7705.889999999996, "aquamarine": 5583.719999999998, "carmine": 6466.67, "white": 6911.100000000002, "gray": 6606.869999999995, "orchid": 7199.39, "sangria": 7554.609999999999, "erin": 6302.969999999998, "peach": 7816.0700000000015, "amber": 8473.35, "magenta": 6700.539999999996, "sky": 6193.290000000003, "ultramarine": 5920.239999999999, "byzantium": 7025.279999999997, "teal": 6327.339999999999, "coffee": 7629.950000000001, "cerulean": 8155.290000000001, "maroon": 7412.289999999995, "indigo": 7649.199999999999, "pink": 7711.9400000000005, "blush": 6088.8899999999985, "harlequin": 6730.260000000001, "cerise": 7198.869999999999, "jade": 8477.700000000003, "olive": 6668.030000000001, "brown": 7651.5000000000055, "black": 7285.040000000003, "viridian": 7615.559999999996, "ivory": 7581.830000000003, "lime": 7102.350000000001, "pear": 6681.250000000001, "purple": 6523.029999999999, "mauve": 7471.16, "yellow": 6270.010000000003, "violet": 6363.809999999997, "ruby": 6487.450000000001, "grey": 6871.030000000001, "periwinkle": 7160.590000000001, "tan": 7378.469999999998, "blue": 7067.069999999997, "silver": 5801.800000000003, "rose": 6985.780000000002, "sapphire": 6431.66, "copper": 7707.249999999998, "azure": 7229.399999999999, "ochre": 7635.549999999997, "fuchsia": 7328.640000000002, "chocolate": 7804.559999999999, "burgundy": 6869.989999999997, "raspberry": 6262.940000000001, "red": 6666.830000000001, "apricot": 5590.209999999999, "lilac": 6586.920000000003, "amethyst": 5993.850000000001, "plum": 5948.390000000001, "lavender": 6790.929999999999, "salmon": 6377.879999999997, "emerald": 7658.95, "beige": 6561.980000000002, "orange": 6725.98, "amaranth": 7394.060000000003}