{"Home & Beauty": 73.21999999999998, "Shoes": 12685.479999999994, "Books": 11137.339999999993, "Outdoors & Movies": 612.08, "Health": 13259.379999999997, "Home & Games": 712.1100000000001, "Outdoors": 11608.799999999997, "Jewelry": 11203.669999999996, "Garden": 12261.269999999999, "Health & Computers": 613.7499999999999, "Baby": 11579.189999999999, "Automotive & Movies": 808.4099999999999, "Electronics": 11701.189999999997, "Computers & Movies": 503.88, "Industrial & Music": 528.87, "Grocery & Outdoors": 303.73999999999995, "Shoes & Health": 419.39, "Home & Jewelry": 228.79999999999995, "Home": 10203.020000000002, "Automotive & Health": 922.75, "Computers": 11135.310000000001, "Health & Beauty": 533.84, "Automotive": 10998.730000000001, "Industrial & Electronics": 777.2199999999999, "Kids & Toys": 480.45, "Toys & Music": 405.09, "Grocery & Health": 690.44, "Tools & Baby": 678.9599999999999, "Computers & Grocery": 266.36, "Movies & Tools": 466.08, "Automotive & Sports": 1180.0100000000002, "Toys": 10180.049999999996, "Music & Electronics": 256.64, "Toys & Sports": 593.15, "Movies": 11213.089999999997, "Electronics & Books": 691.83, "Computers & Kids": 265.62, "Garden & Baby": 193.19, "Beauty": 11899.230000000018, "Health & Clothing": 521.7199999999999, "Tools & Garden": 742.1799999999998, "Tools": 9910.730000000001, "Kids & Tools": 726.2599999999999, "Music": 11030.61, "Baby & Health": 782.94, "Music & Jewelry": 532.3, "Kids": 11639.740000000002, "Shoes & Kids": 690.52, "Games": 12329.330000000009, "Baby & Tools": 492.30000000000007, "Health & Electronics": 561.14, "Sports & Baby": 825.6299999999998, "Jewelry & Kids": 448.15, "Clothing & Garden": 573.1700000000001, "Automotive & Baby": 1039.27, "Health & Tools": 832.49, "Garden & Industrial": 608.1, "Jewelry & Movies": 684.6, "Movies & Grocery": 654.3499999999999, "Baby & Industrial": 1132.7199999999998, "Shoes & Electronics": 525.29, "Games & Industrial": 579.8800000000001, "Movies & Garden": 453.7, "Games & Shoes": 606.35, "Clothing": 10709.45, "Music & Movies": 230.0, "Music & Books": 861.8200000000002, "Tools & Shoes": 321.32, "Sports & Music": 633.1199999999999, "Kids & Health": 980.8900000000001, "Garden & Tools": 332.33000000000004, "Home & Garden": 614.5299999999999, "Baby & Beauty": 447.7700000000001, "Computers & Outdoors": 399.95, "Jewelry & Games": 427.76, "Industrial & Baby": 605.6700000000001, "Outdoors & Clothing": 602.6700000000001, "Baby & Shoes": 431.19999999999993, "Tools & Home": 732.74, "Sports & Electronics": 620.91, "Grocery": 11428.9, "Kids & Grocery": 858.8, "Clothing & Music": 696.79, "Games & Clothing": 583.6, "Baby & Sports": 870.23, "Electronics & Shoes": 335.09, "Sports & Shoes": 833.6000000000001, "Electronics & Beauty": 642.2, "Automotive & Kids": 508.49, "Beauty & Clothing": 618.16, "Garden & Music": 748.7900000000001, "Jewelry & Grocery": 502.54999999999995, "Electronics & Baby": 371.2, "Health & Sports": 531.1299999999999, "Movies & Sports": 763.2800000000001, "Music & Shoes": 753.2800000000001, "Books & Shoes": 808.5600000000001, "Garden & Beauty": 331.66, "Electronics & Home": 560.77, "Clothing & Beauty": 824.7299999999999, "Home & Movies": 605.9, "Sports & Books": 579.3000000000001, "Books & Movies": 929.9600000000002, "Grocery & Jewelry": 682.8900000000001, "Outdoors & Beauty": 680.74, "Industrial": 10168.370000000004, "Computers & Baby": 382.1899999999999, "Baby & Movies": 771.87, "Toys & Jewelry": 852.7499999999999, "Books & Automotive": 1096.0900000000001, "Electronics & Kids": 361.69000000000005, "Jewelry & Outdoors": 739.7, "Sports": 11540.02999999999, "Computers & Beauty": 268.01, "Kids & Garden": 461.55, "Electronics & Toys": 547.98, "Music & Grocery": 609.88, "Tools & Grocery": 1118.09, "Home & Grocery": 535.15, "Games & Toys": 585.6, "Books & Baby": 457.0, "Automotive & Music": 580.0600000000001, "Outdoors & Games": 257.01, "Grocery & Kids": 473.93999999999994, "Tools & Beauty": 679.6600000000001, "Baby & Automotive": 683.95, "Baby & Clothing": 1129.79, "Movies & Kids": 211.14, "Industrial & Jewelry": 815.5700000000002, "Jewelry & Automotive": 522.71, "Movies & Jewelry": 581.04, "Outdoors & Industrial": 1030.5700000000002, "Electronics & Health": 394.48, "Home & Industrial": 638.49, "Clothing & Health": 311.15000000000003, "Shoes & Automotive": 468.85, "Books & Grocery": 572.83, "Shoes & Home": 544.03, "Jewelry & Home": 596.0600000000001, "Sports & Jewelry": 471.12999999999994, "Books & Computers": 341.12, "Movies & Electronics": 402.26, "Tools & Electronics": 564.69, "Movies & Outdoors": 321.78000000000003, "Music & Kids": 614.8699999999999, "Outdoors & Garden": 546.34, "Music & Outdoors": 664.88, "Music & Garden": 791.1700000000001, "Automotive & Beauty": 641.51, "Home & Tools": 626.99, "Computers & Shoes": 465.12, "Beauty & Music": 296.86999999999995, "Baby & Grocery": 577.18, "Clothing & Electronics": 691.03, "Baby & Music": 873.6500000000001, "Automotive & Tools": 1112.3899999999999, "Jewelry & Electronics": 427.2900000000001, "Baby & Jewelry": 420.27, "Outdoors & Kids": 705.03, "Outdoors & Baby": 558.19, "Grocery & Home": 352.87, "Games & Beauty": 474.63, "Clothing & Tools": 443.66, "Jewelry & Music": 621.49, "Games & Computers": 445.70000000000005, "Outdoors & Jewelry": 447.33000000000004, "Jewelry & Tools": 500.65000000000003, "Home & Books": 576.64, "Health & Music": 199.22, "Sports & Grocery": 418.5200000000001, "Automotive & Outdoors": 461.65, "Tools & Computers": 223.28, "Industrial & Clothing": 714.6199999999999, "Garden & Home": 466.44, "Home & Automotive": 397.27, "Toys & Health": 314.66, "Electronics & Grocery": 734.42, "Industrial & Garden": 689.1000000000001, "Industrial & Health": 769.41, "Kids & Baby": 470.96, "Movies & Automotive": 666.6999999999999, "Garden & Toys": 579.87, "Toys & Industrial": 727.55, "Shoes & Industrial": 603.21, "Computers & Electronics": 722.68, "Kids & Books": 359.41, "Grocery & Electronics": 675.1, "Electronics & Computers": 717.54, "Books & Garden": 629.8199999999999, "Jewelry & Books": 740.31, "Movies & Books": 892.6899999999999, "Computers & Toys": 547.05, "Health & Garden": 623.57, "Clothing & Grocery": 534.6899999999999, "Toys & Garden": 599.1300000000001, "Automotive & Shoes": 595.49, "Industrial & Games": 655.9899999999999, "Grocery & Automotive": 559.8199999999999, "Kids & Computers": 407.12999999999994, "Health & Industrial": 480.16, "Industrial & Computers": 673.85, "Shoes & Tools": 541.8, "Tools & Games": 553.93, "Tools & Sports": 517.99, "Health & Baby": 461.27, "Books & Home": 686.89, "Toys & Movies": 818.69, "Automotive & Grocery": 495.55000000000007, "Toys & Clothing": 634.5300000000001, "Industrial & Beauty": 445.86, "Jewelry & Clothing": 480.88, "Clothing & Kids": 634.9799999999999, "Industrial & Home": 478.21999999999997, "Games & Movies": 607.6100000000001, "Baby & Books": 389.0199999999999, "Grocery & Beauty": 938.03, "Books & Clothing": 567.58, "Books & Health": 698.41, "Electronics & Outdoors": 548.9200000000001, "Games & Electronics": 633.7900000000001, "Industrial & Tools": 533.03, "Outdoors & Music": 629.9200000000001, "Movies & Beauty": 584.09, "Garden & Kids": 445.92999999999995, "Toys & Baby": 473.97, "Tools & Toys": 825.45, "Industrial & Shoes": 655.26, "Tools & Jewelry": 306.72, "Sports & Automotive": 410.79999999999995, "Clothing & Games": 459.67, "Beauty & Garden": 738.2399999999999, "Outdoors & Sports": 820.3400000000001, "Home & Kids": 975.61, "Jewelry & Baby": 367.98, "Health & Toys": 235.89000000000001, "Tools & Kids": 626.8100000000001, "Tools & Health": 429.96, "Music & Computers": 776.0000000000001, "Clothing & Shoes": 432.11000000000007, "Beauty & Books": 375.32000000000005, "Health & Shoes": 533.0, "Grocery & Toys": 260.66999999999996, "Industrial & Grocery": 212.79999999999998, "Grocery & Movies": 663.4000000000001, "Automotive & Home": 690.8300000000002, "Automotive & Electronics": 470.0, "Computers & Books": 728.8800000000001, "Toys & Outdoors": 484.4,