{"Keyboard": 26029.080000000038, "Car": 25556.409999999996, "Table": 22431.189999999988, "Lamp": 26037.499999999975, "Hat": 25299.27000000001, "Gloves": 23933.019999999997, "Clock": 24384.90999999998, "Chair": 25030.080000000005, "Bench": 25219.98000000002, "Coat": 24927.84999999999, "Wallet": 23171.170000000002, "Knife": 24141.969999999983, "Bag": 25454.570000000003, "Pants": 27403.43, "Bottle": 24863.11000000001, "Shoes": 24877.679999999993, "Plate": 23652.360000000004, "Shirt": 25637.489999999987, "Watch": 24045.039999999986, "Computer": 26228.51000000004}